iteration_count,per_iteration_count,prover_time,verifier_time
30,10,25.889247292s,632.173217ms
15,20,19.021801431s,920.826204ms
6,50,14.339989581s,1.713681752s
3,100,12.057404765s,2.659049222s
