iteration_count,per_iteration_count,prover_time,verifier_time
50,100,233.597402976s,2.936395843s
25,200,215.076950389s,5.230055719s
10,500,194.711818384s,11.613110972s
