iteration_count,per_iteration_count,prover_time,verifier_time
120,1,808.024657917s,6.902666375s
60,2,561.899038834s,11.697241917s
40,3,485.119519375s,16.159458917s
30,4,446.221050792s,19.89138525s
24,5,419.468878667s,24.852140584s
